{
  "hosting": {
    "source": "./",
    "ignore": [
      "firebase.json",
      "**/.*",
      "**/node_modules/**"
    ],
    "frameworksBackend": {
      "region": "us-east1"
    },
    "headers": [
      {
        "source": "**/*.@(js|css)",
        "headers": [
          { "key": "Cache-Control", "value": "public,max-age=31536000,immutable" }
        ]
      },
      {
        "source": "/index.html",
        "headers": [
          { "key": "Cache-Control", "value": "no-store, max-age=0, must-revalidate" }
        ]
      },
      {
        "source": "/ngsw-worker.js",
        "headers": [
          { "key": "Cache-Control", "value": "no-store, max-age=0, must-revalidate" }
        ]
      },
      {
        "source": "/ngsw.json",
        "headers": [
          { "key": "Cache-Control", "value": "no-store, max-age=0, must-revalidate" }
        ]
      },
      {
        "source": "/manifest.webmanifest",
        "headers": [
          { "key": "Cache-Control", "value": "public,max-age=3600" }
        ]
      },
      {
        "source": "/i18n/*.json",
        "headers": [
          { "key": "Cache-Control", "value": "public,max-age=3600" }
        ]
      },
      {
        "source": "**/*.@(png|jpg|jpeg|gif|svg|webp|ico)",
        "headers": [
          { "key": "Cache-Control", "value": "public,max-age=2592000" }
        ]
      }
    ]
  }
}
