{
  "$schema": "./node_modules/@angular/service-worker/config/schema.json",
  "index": "/index.html",
  "assetGroups": [
    {
      "name": "app",
      "installMode": "prefetch",
      "updateMode": "prefetch",
      "resources": {
        "files": [
          "/favicon.ico",
          "/manifest.webmanifest",
          "/*.css",
          "/*.js"
        ]
      }
    },
    {
      "name": "assets",
      "installMode": "lazy",
      "updateMode": "prefetch",
      "resources": {
        "files": [
          "/assets/**",
          "/i18n/*.json"
        ]
      }
    }
  ],
  "dataGroups": [],
  "navigationUrls": [
    "/**",
    "!/api/**"
  ]
}
