{
  "hash": "661fb082",
  "configHash": "39f86284",
  "lockfileHash": "d98905be",
  "browserHash": "4b27fc2c",
  "optimized": {
    "@angular/cdk/bidi": {
      "src": "../../../../../../node_modules/@angular/cdk/fesm2022/bidi.mjs",
      "file": "@angular_cdk_bidi.js",
      "fileHash": "4e4b3056",
      "needsInterop": false
    },
    "@angular/cdk/text-field": {
      "src": "../../../../../../node_modules/@angular/cdk/fesm2022/text-field.mjs",
      "file": "@angular_cdk_text-field.js",
      "fileHash": "573a7a97",
      "needsInterop": false
    },
    "@angular/common": {
      "src": "../../../../../../node_modules/@angular/common/fesm2022/common.mjs",
      "file": "@angular_common.js",
      "fileHash": "bc2b4f9d",
      "needsInterop": false
    },
    "@angular/common/http": {
      "src": "../../../../../../node_modules/@angular/common/fesm2022/http.mjs",
      "file": "@angular_common_http.js",
      "fileHash": "e104294a",
      "needsInterop": false
    },
    "@angular/core": {
      "src": "../../../../../../node_modules/@angular/core/fesm2022/core.mjs",
      "file": "@angular_core.js",
      "fileHash": "261462a7",
      "needsInterop": false
    },
    "@angular/forms": {
      "src": "../../../../../../node_modules/@angular/forms/fesm2022/forms.mjs",
      "file": "@angular_forms.js",
      "fileHash": "92e7896e",
      "needsInterop": false
    },
    "@angular/material/bottom-sheet": {
      "src": "../../../../../../node_modules/@angular/material/fesm2022/bottom-sheet.mjs",
      "file": "@angular_material_bottom-sheet.js",
      "fileHash": "8485fca8",
      "needsInterop": false
    },
    "@angular/material/form-field": {
      "src": "../../../../../../node_modules/@angular/material/fesm2022/form-field.mjs",
      "file": "@angular_material_form-field.js",
      "fileHash": "494be8a0",
      "needsInterop": false
    },
    "@angular/material/icon": {
      "src": "../../../../../../node_modules/@angular/material/fesm2022/icon.mjs",
      "file": "@angular_material_icon.js",
      "fileHash": "fbe8bda5",
      "needsInterop": false
    },
    "@angular/material/input": {
      "src": "../../../../../../node_modules/@angular/material/fesm2022/input.mjs",
      "file": "@angular_material_input.js",
      "fileHash": "00bdd42f",
      "needsInterop": false
    },
    "@angular/material/list": {
      "src": "../../../../../../node_modules/@angular/material/fesm2022/list.mjs",
      "file": "@angular_material_list.js",
      "fileHash": "ff2595a9",
      "needsInterop": false
    },
    "@angular/material/snack-bar": {
      "src": "../../../../../../node_modules/@angular/material/fesm2022/snack-bar.mjs",
      "file": "@angular_material_snack-bar.js",
      "fileHash": "f2b7dc25",
      "needsInterop": false
    },
    "@angular/platform-browser": {
      "src": "../../../../../../node_modules/@angular/platform-browser/fesm2022/platform-browser.mjs",
      "file": "@angular_platform-browser.js",
      "fileHash": "82790cdc",
      "needsInterop": false
    },
    "@angular/router": {
      "src": "../../../../../../node_modules/@angular/router/fesm2022/router.mjs",
      "file": "@angular_router.js",
      "fileHash": "03d6c494",
      "needsInterop": false
    },
    "@angular/service-worker": {
      "src": "../../../../../../node_modules/@angular/service-worker/fesm2022/service-worker.mjs",
      "file": "@angular_service-worker.js",
      "fileHash": "3551cf83",
      "needsInterop": false
    },
    "@ngx-translate/core": {
      "src": "../../../../../../node_modules/@ngx-translate/core/fesm2022/ngx-translate-core.mjs",
      "file": "@ngx-translate_core.js",
      "fileHash": "aa27f967",
      "needsInterop": false
    },
    "@ngx-translate/http-loader": {
      "src": "../../../../../../node_modules/@ngx-translate/http-loader/fesm2022/ngx-translate-http-loader.mjs",
      "file": "@ngx-translate_http-loader.js",
      "fileHash": "50c8e5fa",
      "needsInterop": false
    },
    "rxjs": {
      "src": "../../../../../../node_modules/rxjs/dist/esm5/index.js",
      "file": "rxjs.js",
      "fileHash": "d4d691dc",
      "needsInterop": false
    },
    "swiper/element/bundle": {
      "src": "../../../../../../node_modules/swiper/swiper-element-bundle.mjs",
      "file": "swiper_element_bundle.js",
      "fileHash": "0e2eba6f",
      "needsInterop": false
    }
  },
  "chunks": {
    "chunk-BRHR5SCN": {
      "file": "chunk-BRHR5SCN.js"
    },
    "chunk-B7ZECUGJ": {
      "file": "chunk-B7ZECUGJ.js"
    },
    "chunk-JWIFRLUW": {
      "file": "chunk-JWIFRLUW.js"
    },
    "chunk-QJ457INI": {
      "file": "chunk-QJ457INI.js"
    },
    "chunk-TG7GP3CJ": {
      "file": "chunk-TG7GP3CJ.js"
    },
    "chunk-ZXR44IVF": {
      "file": "chunk-ZXR44IVF.js"
    },
    "chunk-CRZG73CY": {
      "file": "chunk-CRZG73CY.js"
    },
    "chunk-NPMVR7YY": {
      "file": "chunk-NPMVR7YY.js"
    },
    "chunk-6DCZWGM5": {
      "file": "chunk-6DCZWGM5.js"
    },
    "chunk-32ARO7BI": {
      "file": "chunk-32ARO7BI.js"
    },
    "chunk-CHLM5QI4": {
      "file": "chunk-CHLM5QI4.js"
    },
    "chunk-V6AFYVSR": {
      "file": "chunk-V6AFYVSR.js"
    },
    "chunk-UEJ4FZQN": {
      "file": "chunk-UEJ4FZQN.js"
    },
    "chunk-UAQHWUMM": {
      "file": "chunk-UAQHWUMM.js"
    },
    "chunk-VENVQU6J": {
      "file": "chunk-VENVQU6J.js"
    },
    "chunk-KQGXHOHP": {
      "file": "chunk-KQGXHOHP.js"
    },
    "chunk-P6U2JBMQ": {
      "file": "chunk-P6U2JBMQ.js"
    },
    "chunk-WDMUDEB6": {
      "file": "chunk-WDMUDEB6.js"
    }
  }
}