{
  "hash": "285b159a",
  "configHash": "7efa64f1",
  "lockfileHash": "d98905be",
  "browserHash": "5f67d4c6",
  "optimized": {
    "@angular/cdk/bidi": {
      "src": "../../../../../../node_modules/@angular/cdk/fesm2022/bidi.mjs",
      "file": "@angular_cdk_bidi.js",
      "fileHash": "2a94c66c",
      "needsInterop": false
    },
    "@angular/cdk/text-field": {
      "src": "../../../../../../node_modules/@angular/cdk/fesm2022/text-field.mjs",
      "file": "@angular_cdk_text-field.js",
      "fileHash": "1fe373ee",
      "needsInterop": false
    },
    "@angular/common": {
      "src": "../../../../../../node_modules/@angular/common/fesm2022/common.mjs",
      "file": "@angular_common.js",
      "fileHash": "07cec8d9",
      "needsInterop": false
    },
    "@angular/common/http": {
      "src": "../../../../../../node_modules/@angular/common/fesm2022/http.mjs",
      "file": "@angular_common_http.js",
      "fileHash": "f7405e6c",
      "needsInterop": false
    },
    "@angular/core": {
      "src": "../../../../../../node_modules/@angular/core/fesm2022/core.mjs",
      "file": "@angular_core.js",
      "fileHash": "36ca961e",
      "needsInterop": false
    },
    "@angular/forms": {
      "src": "../../../../../../node_modules/@angular/forms/fesm2022/forms.mjs",
      "file": "@angular_forms.js",
      "fileHash": "2efde692",
      "needsInterop": false
    },
    "@angular/material/bottom-sheet": {
      "src": "../../../../../../node_modules/@angular/material/fesm2022/bottom-sheet.mjs",
      "file": "@angular_material_bottom-sheet.js",
      "fileHash": "ebb0c45e",
      "needsInterop": false
    },
    "@angular/material/form-field": {
      "src": "../../../../../../node_modules/@angular/material/fesm2022/form-field.mjs",
      "file": "@angular_material_form-field.js",
      "fileHash": "98fa76e7",
      "needsInterop": false
    },
    "@angular/material/icon": {
      "src": "../../../../../../node_modules/@angular/material/fesm2022/icon.mjs",
      "file": "@angular_material_icon.js",
      "fileHash": "cf89b65b",
      "needsInterop": false
    },
    "@angular/material/input": {
      "src": "../../../../../../node_modules/@angular/material/fesm2022/input.mjs",
      "file": "@angular_material_input.js",
      "fileHash": "7493e572",
      "needsInterop": false
    },
    "@angular/material/list": {
      "src": "../../../../../../node_modules/@angular/material/fesm2022/list.mjs",
      "file": "@angular_material_list.js",
      "fileHash": "43b283d4",
      "needsInterop": false
    },
    "@angular/material/snack-bar": {
      "src": "../../../../../../node_modules/@angular/material/fesm2022/snack-bar.mjs",
      "file": "@angular_material_snack-bar.js",
      "fileHash": "ea20cfb0",
      "needsInterop": false
    },
    "@angular/platform-browser": {
      "src": "../../../../../../node_modules/@angular/platform-browser/fesm2022/platform-browser.mjs",
      "file": "@angular_platform-browser.js",
      "fileHash": "4abc123c",
      "needsInterop": false
    },
    "@angular/router": {
      "src": "../../../../../../node_modules/@angular/router/fesm2022/router.mjs",
      "file": "@angular_router.js",
      "fileHash": "2fe212ab",
      "needsInterop": false
    },
    "@ngx-translate/core": {
      "src": "../../../../../../node_modules/@ngx-translate/core/fesm2022/ngx-translate-core.mjs",
      "file": "@ngx-translate_core.js",
      "fileHash": "42f28019",
      "needsInterop": false
    },
    "@ngx-translate/http-loader": {
      "src": "../../../../../../node_modules/@ngx-translate/http-loader/fesm2022/ngx-translate-http-loader.mjs",
      "file": "@ngx-translate_http-loader.js",
      "fileHash": "def96640",
      "needsInterop": false
    },
    "rxjs": {
      "src": "../../../../../../node_modules/rxjs/dist/esm5/index.js",
      "file": "rxjs.js",
      "fileHash": "ac9c267c",
      "needsInterop": false
    },
    "swiper/element/bundle": {
      "src": "../../../../../../node_modules/swiper/swiper-element-bundle.mjs",
      "file": "swiper_element_bundle.js",
      "fileHash": "2c778f8a",
      "needsInterop": false
    }
  },
  "chunks": {
    "chunk-6DCZWGM5": {
      "file": "chunk-6DCZWGM5.js"
    },
    "chunk-32ARO7BI": {
      "file": "chunk-32ARO7BI.js"
    },
    "chunk-QJ457INI": {
      "file": "chunk-QJ457INI.js"
    },
    "chunk-TG7GP3CJ": {
      "file": "chunk-TG7GP3CJ.js"
    },
    "chunk-5JVKQE2E": {
      "file": "chunk-5JVKQE2E.js"
    },
    "chunk-MMSS55LK": {
      "file": "chunk-MMSS55LK.js"
    },
    "chunk-OPTDHNYC": {
      "file": "chunk-OPTDHNYC.js"
    },
    "chunk-JWIFRLUW": {
      "file": "chunk-JWIFRLUW.js"
    },
    "chunk-CRZG73CY": {
      "file": "chunk-CRZG73CY.js"
    },
    "chunk-NPMVR7YY": {
      "file": "chunk-NPMVR7YY.js"
    },
    "chunk-5LUAVMVF": {
      "file": "chunk-5LUAVMVF.js"
    },
    "chunk-UEJ4FZQN": {
      "file": "chunk-UEJ4FZQN.js"
    },
    "chunk-V6AFYVSR": {
      "file": "chunk-V6AFYVSR.js"
    },
    "chunk-UAQHWUMM": {
      "file": "chunk-UAQHWUMM.js"
    },
    "chunk-VENVQU6J": {
      "file": "chunk-VENVQU6J.js"
    },
    "chunk-KQGXHOHP": {
      "file": "chunk-KQGXHOHP.js"
    },
    "chunk-P6U2JBMQ": {
      "file": "chunk-P6U2JBMQ.js"
    },
    "chunk-WDMUDEB6": {
      "file": "chunk-WDMUDEB6.js"
    }
  }
}